{
	"IcoMoonType": "selection",
	"icons": [
		{
			"icon": {
				"paths": [
					"M768 640v-128h-320v-128h320v-128l192 192zM704 576v256h-320v192l-384-192v-832h704v320h-64v-256h-512l256 128v576h256v-192z"
				],
				"attrs": [],
				"tags": [
					"exit",
					"signout",
					"logout",
					"quit",
					"close"
				],
				"grid": 16
			},
			"attrs": [],
			"properties": {
				"order": 5,
				"id": 1568,
				"prevSize": 32,
				"ligatures": "exit, signout",
				"name": "exit"
			},
			"setIdx": 0,
			"setId": 0,
			"iconIdx": 276
		}
	],
	"height": 1024,
	"preferences": {
		"showGlyphs": true,
		"showQuickUse": true,
		"showQuickUse2": true,
		"showSVGs": true,
		"fontPref": {
			"prefix": "icon-",
			"metadata": {},
			"metrics": {
				"emSize": 1024,
				"baseline": 6.25,
				"whitespace": 50
			}
		},
		"imagePref": {
			"prefix": "icon-",
			"png": true,
			"useClassSelector": true,
			"color": 4473924,
			"bgColor": 16777215,
			"classSelector": ".icon"
		},
		"historySize": 100,
		"showCodes": false
	}
}